{
  "certifications": [
    {
      "title": "Foundation of Project Management",
      "image": "/certifications/UpSkillsFrontend.png",
      "bodyText": "Google - 2021",
      "credentialUrl": "https://linkhere.com"
    },
    {
      "title": "Meta Front-End Developer",
      "image": "/certifications/mindluster.jpg",
      "bodyText": "Meta - 2024",
      "credentialUrl": "https://linkhere.com"
    },
    {
      "title": "IBM Full Stack Software Developer",
      "image": "/certifications/InfosysCertificate.png",
      "bodyText": "IBM - 2024",
      "credentialUrl": "https://linkhere.com"
    },
    {
      "title": "Google Advanced Data Analytics",
      "image": "/certifications/SkillUp-Certificate.png",
      "bodyText": "Google - 2024",
      "credentialUrl": "https://linkhere.com"
    },
    {
      "title": "Fundamentals of AI & ML",
      "image": "/certifications/ScalerCertificateReact.png",
      "bodyText": "Skillsoft - 2024",
      "credentialUrl": "https://linkhere.com"
    },
    {
      "title": "AI & Frontend Development",
      "image": "/certifications/Certificate-Ducat-India.png",
      "bodyText": "Mindluster - 2024",
      "credentialUrl": "https://linkhere.com"
    }
  ]
}
