{
  "profilePic": {
    "source": "/images/homebanerimg.png",
    "width": 200,
    "height": 200,
    "border-radius": 50,
    "object-fit": "cover",
    "margin-bottom": 20
  },
  "name": "Priyanka",
  "roles": [
    "a Technical Project Manager",
    "a RF Engineer",
    "umm...",
    "now also a Software Developer"
  ],
  "paragraph": [
    "A seasoned professional with 6 years of experience in the telecom field, now transitioning into software development. I bring project-based experience in web technologies, databases, and API development. Proficient in Python and Java, I have a knack for problem-solving and a strong understanding of Agile methodologies and Git version control. My telecom background adds a unique perspective to my software development skills."
  ]
}
