{
  "skills": [
    {
      "title": "Programming Languages",
      "tags": ["JavaScript", "TypeScript", "HTML5", "CSS3"]
    },
    {
      "title": "Frontend Frameworks & Libraries",
      "tags": [
        "React",
        "Next.js",
        "Bootstrap",
        "Material UI",
        "DaisyUI",
        "Tailwind CSS",
        "Reactstrap",
        "React Suite",
        "Syncfusion",
        "ShadCN"
      ]
    },
    {
      "title": "Styling & UI Tools",
      "tags": [
        "Styled-components",
        "Figma",
        "Canva",
        "Responsive Design",
        "Cross-Browser Compatibility"
      ]
    },
    {
      "title": "State Management",
      "tags": ["Redux Toolkit", "Context API", "React Query"]
    },
    {
      "title": "Web Technologies & Tools",
      "tags": [
        "REST APIs",
        "Axios",
        "Fetch",
        "Swagger UI",
        "Webpack",
        "Vite",
        "Babel",
        "NPM",
        "Yarn"
      ]
    },
    {
      "title": "Version Control & Collaboration",
      "tags": ["Git", "GitHub", "Bitbucket"]
    },
    {
      "title": "Development Tools",
      "tags": ["VS Code", "Chrome DevTools", "Postman", "Eslint", "Prettier"]
    },
    {
      "title": "Build & Deployment Tools",
      "tags": ["Vercel", "Netlify", "GitHub Pages"]
    },
    {
      "title": "Soft Skills",
      "tags": [
        "Problem Solving",
        "Communication",
        "Team Collaboration",
        "Time Management"
      ]
    }
  ]
}
