{
  "experiences": [
    {
      "cardtitle": "Frontend Developer - React",
      "cardsubtitle": "Mayank Software Solutions, India",
      "subtitle": "Projects",
      "workDescription": [
        "Developed a full-featured approval management system to handle employee lifecycle, user controls, role-basedpermissions, and designation hierarchies using React and Redux Toolkit.",
        "Implemented a dynamic admin dashboard with real-time data visualization using Chart.js and integrated RESTful APIs for data fetching.",
        "Created reusable components and optimized application performance, resulting in a 40% increase in loading speed.",
        "Architected reusable form and modal components for CRUD operations, reducing code duplication by 40% and accelerating feature delivery"
      ],
      "dateText": "Nov 2024 to Present",
      "Imgsrc": "/images/mayanklogo.png"
    },
    {
      "cardtitle": "Frontend Developer - Jr. React Developer",
      "cardsubtitle": "Global Aspirants Solutions Pvt. Ltd., India",
      "subtitle": "Projects",
      "workDescription": [
        "Developed the main platform for EasyCampus.ai, a centralized solution for managing placement drives involving corporates, campuses, and students",
        "Built scalable, accessible UI components using Next.js and Tailwind CSS, ensuring responsive design across all devices.",
        "Designed and developed a student-facing registration portal for onboarding, assessments, and interview scheduling.",
        "Integrated dashboards for corporates and campuses to manage job postings, placement drives, and analytics. Created dynamic forms with validation and integrated backend APIs securely."
      ],
      "dateText": "Nov 2023 to Oct 2024",
      "Imgsrc": "/images/easycampuslogo.png"
    }
  ]
}
