{
  "projects": [
    {
      "image": "/projects/shalimarpaints.png",
      "title": "Shalimar Paints Dashboard",
      "bodyText": "Developed a robust internal dashboard for Shalimar Paints using React and Syncfusion components. The dashboard provides streamlined access to various business modules such as sales, inventory, customer management, and performance reports.",
      "links": [
        {
          "text": "GitHub",
          "href": "https://github.com/priyankabedwal777"
        }
      ]
    },
    {
      "image": "/projects/SSDDashboard.png",
      "title": "Approval Management System Dashboard",
      "bodyText": "Developed a full-featured approval management system to handle employee lifecycle, user controls, role-based permissions, and designation hierarchies using React and Redux",
      "links": [
        {
          "text": "GitHub",
          "href": "https://github.com/priyankabedwal777"
        }
      ]
    },
    {
      "image": "/projects/EasyCampusWeb.png",
      "title": "EasyCampus Web Application",
      "bodyText": "Developed the main platform for EasyCampus.ai, a centralized solution for managing placement drives involving corporates, campuses, and students",
      "links": [
        {
          "text": "GitHub",
          "href": "https://github.com/priyankabedwal777"
        }
      ]
    },
    {
      "image": "/projects/EasyCampusDashboard.png",
      "title": "EasyCampus Dashboard",
      "bodyText": "Designed and developed a student-facing registration portal for onboarding, assessments, and interviewscheduling",
      "links": [
        {
          "text": "GitHub",
          "href": "https://github.com/priyankabedwal777"
        }
      ]
    },
    {
      "image": "/projects/projectshot3.png",
      "title": "Global Aspirants Web Application",
      "bodyText": "Designed and developed the official website for Global Aspirants, the parent organization of EasyCampus.ai, showcasing their mission, services, and innovative EdTech solutions. The site also serves as a gateway to the EasyCampus recruitment platform.",
      "links": [
        {
          "text": "GitHub",
          "href": "https://github.com/priyankabedwal777"
        }
      ],
      "tags": ["React.Js", "CRUD"]
    },
    {
      "image": "/projects/VideoCallUi.png",
      "title": "EasyCampus Video Call Interface",
      "bodyText": "Designed and developed a responsive video calling interface for EasyCampus.ai — an AI-driven campus recruitment platform. The feature allows recruiters and candidates to conduct seamless virtual interviews within the app.",
      "links": [
        {
          "text": "GitHub",
          "href": "https://github.com/priyankabedwal777"
        }
      ]
    }
  ]
}
